title,desc,image_list,note_url
深圳东部华侨城又回来啦，攻略安排🔥,"🎫门票：团GO💰150元/人 （不包含森林小火车，需另外自费）
📍地址：深圳市盐田区大梅沙东部华侨城
营业时间：10:00-18:00,17:00停止入场
🚇交通：自驾或地铁转公交-地铁2号线（盐田路方向）盐田港西站B2出口 步行380米到公交站 周大福大厦站乘坐（M362路   (或 308路 308路区间 M196路）东部华侨城下车步行10米到达目的地 （可以根据自己的所在地选择合适的路线）
🎡游玩项目
✅【激流勇进】从慢慢升起到一冲而下 溅出水花太刺激了，可以玩无数次，雨衣可以选择购买💰10元一件〰️一定一定要绑紧哦不然你全湿透了 ，往上走看了一场咆哮山洪的表演。
✅【云海索道】索道深圳第一条高空索道，能俯瞰梅沙湾，风景很不错，适合拍个美美的照片。
✅【登峰造极】 《一起来看流星雨》取景地，高空U型玻璃隧道，景色是真的不错，一片蓝色海洋，空气也挺好的风很大，上面有观光塔和冲上云霄项目玩
✅【木质过山车】可以试试，不过也不高，下来的时候会刺激一点，可以尝试一下
✅【冲上云霄】整个大峡谷最刺激的项目，整个人被抛到悬崖上空，刺激又好玩，胆子大的可以玩玩
✅【森林小火车】童话里的小火车真的存在，穿梭在森林里，全程5200米，50分钟左右，小火车只要不出站，中途下车也是可以，无限次搭乘体验哦。
👉需自费🎫平日💰30，周末💰50
	
下山乘坐缆车下去哦 可以俯瞰整个梅沙湾，风景太美了👐
🌟温馨小提示
门口的储物柜是收费的💰30小柜💰50大柜
最好是早上10点后进园 这样可以玩到多点项目〰️
🌞天气太热了要做好防晒🌟多喝水🥤穿搭最好以舒服休闲为主👚运动鞋👟带把伞或者戴帽子👒
如果去玩水项类目的带多件衣服可以替换
     @薯队长 @薯条小助手 @深圳东部华侨城 ","https://sns-img-bd.xhscdn.com/bf09b82f-dbfb-8f82-b18c-b91fead90143,https://sns-img-bd.xhscdn.com/dd069b98-4b3f-56c7-07a0-e96c73a850dc,https://sns-img-bd.xhscdn.com/921e1604-0c3f-ceef-d061-08c358e4c48e,https://sns-img-bd.xhscdn.com/d1b9ae5d-def5-79c2-fa23-cb033e25a317,https://sns-img-bd.xhscdn.com/25b77bbd-1790-d7b6-7ec3-87c559df58e8",https://www.xiaohongshu.com/explore/6419a535000000001203d355
万万没想到如今的东部华侨城成了这样,"曾经都是深圳热门旅游景点之一的东部华侨城生态旅游景区，不同往日时光❗️
	
一声叹息了
	
                ","https://sns-img-hw.xhscdn.net/0c2606e9-04be-588a-84db-e5d51f20f9b4,https://sns-img-hw.xhscdn.net/b8f435ed-6190-8125-e43d-84bc5012aa81,https://sns-img-hw.xhscdn.net/e7bb4dd3-2f54-9077-7327-f9e4e5724d87,https://sns-img-hw.xhscdn.net/fac74fc1-821b-7cb9-ccf7-326a54a97427,https://sns-img-hw.xhscdn.net/21664cb7-508e-dcd0-2c07-46d8c94b7ec9,https://sns-img-hw.xhscdn.net/64c13290-ace4-de28-88cb-94017ab81eaf,https://sns-img-hw.xhscdn.net/a014fee6-d843-c91c-0ab7-7825071fd9db,https://sns-img-hw.xhscdn.net/ee6359d9-ee9f-2aa3-bc25-cb9ea1d6c031,https://sns-img-hw.xhscdn.net/0d2fa6e2-f02e-7162-5a48-f85d9b21b393",https://www.xiaohongshu.com/explore/652de8f8000000001e00c7a2
最新的深圳东部华侨城,"今天刚去的深圳东部华侨城🏰，可能由于前两天深圳欢乐谷事故，这边也是同样的一些刺激的大型项目都关闭检修了，地图上的每个免费项目基本都去了，一天玩下来也得六七个小时，走的确实累，但相对于票价还算行吧，毕竟玩了这么久，就是景区里面八块钱一瓶的怡宝水是我不能接受的[哭惹R]
游完的话坐缆车上去，紧接着到了收费的森林小火车，再上去之后基本就没有可以玩的地方了，都是商业化的酒店、温泉、水会以及高尔夫球场了，上去就是看着城堡式的建筑好看拍了些照片就返程了。
第二条缆车那里会在手背上盖一个荧光的章，等返程回来的时候会检查手上的章还在不在才让过，开始盖章的时候以为是纪念来了这个地方，等检票才发现大概率是查看是否买了往返的森林火车吧，不知道如果洗手洗掉了回来会不会还让补个票哈哈哈哈。
上去玩主要以休闲风穿搭为主，不然狂走的这些路真的会很累，还有驱蚊的也有必要，线上购买了电子票，线下直接用身份证刷闸机过就可以了。","https://sns-img-bd.xhscdn.com/ae21fc73-d926-6541-08d4-aa7f1f4c686f,https://sns-img-bd.xhscdn.com/85010cd3-a584-2d6e-494f-1fee7a190fd1,https://sns-img-bd.xhscdn.com/2d3c83ce-ce5e-f5b2-729e-f814cd66ec47,https://sns-img-bd.xhscdn.com/c2cdcacd-4e21-49f9-fee4-274805c8414f,https://sns-img-bd.xhscdn.com/1440dfa9-3419-cbae-c3d6-b5ae2890402a,https://sns-img-bd.xhscdn.com/c4e0a91e-1f62-17e4-d8cd-af8d8e566be2,https://sns-img-bd.xhscdn.com/1c35e4e9-22ec-0bc1-cf2a-9cd22172de6e,https://sns-img-bd.xhscdn.com/bf6bb8b1-4c54-9e3b-3272-cdad212cc1e2,https://sns-img-bd.xhscdn.com/0ab9281a-9321-13f4-0a8f-0504d404e721,https://sns-img-bd.xhscdn.com/cc169ee9-a3c1-d526-9001-a1895ba4e6b6,https://sns-img-bd.xhscdn.com/2099c85c-9ef2-b3b6-1cd0-e4e5d201967d,https://sns-img-bd.xhscdn.com/4b99e905-807d-1d6f-218d-f0678096faa9,https://sns-img-bd.xhscdn.com/5ee58343-4c7d-dc87-1993-da5ef1572cd2,https://sns-img-bd.xhscdn.com/2e2ddca1-73a7-b8aa-baaf-b50030c27c47,https://sns-img-bd.xhscdn.com/88a1ff6b-a733-3fa0-fcb1-7ec301d53729,https://sns-img-bd.xhscdn.com/e6bbb9d0-2570-3007-409e-a6c8c26b0600,https://sns-img-bd.xhscdn.com/092da3c7-194a-d281-d6b4-555daa3eb9fa,https://sns-img-bd.xhscdn.com/039d9928-9b7d-6086-7537-909c6b8693f7",https://www.xiaohongshu.com/explore/653e8a650000000025021a0d
 真是有够破烂的，几乎没人。好好的资源给整成了这幅鬼样子[石化R][石化R][石化R], 真是有够破烂的，几乎没人。好好的资源给整成了这幅鬼样子[石化R][石化R][石化R],"https://sns-img-bd.xhscdn.com/3876c268-8f37-1df6-822a-e804e36f79f3,https://sns-img-bd.xhscdn.com/f13c3980-1bd6-3e4f-b3b3-cacdb493e666,https://sns-img-bd.xhscdn.com/113427d1-e156-2547-8367-e88ed4927b05,https://sns-img-bd.xhscdn.com/a28c60c0-93c0-9ab0-56ee-8b03f56308ce",https://www.xiaohongshu.com/explore/6571502f000000000901c641
东部华侨城已不复往日,"带孩子去体验了下东部华侨城，
这个地方可圈可点的就只有高空体验了∶坐缆车，上桥，垂直观光台。
其他地方已不复往日繁华，要去的看图风景~    
 ","https://sns-img-hw.xhscdn.net/b282f041-977d-f465-5229-c73b58569c27,https://sns-img-hw.xhscdn.net/23133fe2-ed50-d5a5-da63-f96fefb9d597,https://sns-img-hw.xhscdn.net/23ce26d4-4995-51b8-a34b-ab2e0748bab6,https://sns-img-hw.xhscdn.net/e44e6530-2a1b-02ef-2a4f-9362d79c9300,https://sns-img-hw.xhscdn.net/2359267a-2df7-a441-5dae-1fc5f638afbf,https://sns-img-hw.xhscdn.net/336a5673-8b35-ffb9-9cd6-97251f252ecf,https://sns-img-hw.xhscdn.net/7baf0c47-c4a8-8d35-30f8-0e05a515993d,https://sns-img-hw.xhscdn.net/bda56c5a-bf67-ecb8-a4d2-f69cfa68467d,https://sns-img-hw.xhscdn.net/e4d72659-77c8-17f3-1cf7-783faf75b061,https://sns-img-hw.xhscdn.net/4d86776a-4458-daa8-f09c-fed1c9944dc3,https://sns-img-hw.xhscdn.net/192ca635-4c34-f543-289b-a3f906bbf390,https://sns-img-hw.xhscdn.net/030b8108-6e06-8234-8db2-db165e8ef226,https://sns-img-hw.xhscdn.net/18e3c176-a7c8-362f-9367-67be0c1d2bad,https://sns-img-hw.xhscdn.net/b906005a-524a-9ccb-86c6-44b5704d9543,https://sns-img-hw.xhscdn.net/509bcb19-e1b8-6095-bbf7-366ba89b06b4",https://www.xiaohongshu.com/explore/65156eae000000001e02c28f
时代的记忆深圳东部华侨城,"年轻人不建议去，不太有意思
但是更适合带小孩玩
①入口平台
入口有车说可以拉倒山顶，从上往下玩
建议：不要❌坐车，直接坐电梯到②
注意👏👏：注意入园的时间，早上入园电梯是上行的。如果傍晚入园，电梯是下行的，只能爬楼梯了。
水乐园需要带泳衣，需要单收费，是个室内小型水乐园
②小镇入口
平台处也有车，按小时收费💰💰💰
建议👆👆👆步行穿过小镇，不用过多停留
③裸眼3D电影和表演
适合带小孩家庭出游。如果正好有表演可以看，没有也不用等，直接去④坐索道
④索道
 风景很好，建议坐在能看到海的那一侧，风景非常美丽，海天一色
⑤→⑥
可以停留一些，吃吃饭，在山顶看看风景，休息一会
⑥去坐小火车
💰💰💰小火车要单独收费，周中和周末收费不太一样
注意👆👆👆上去之后可以一直坐，不下就可以不重新收费。适合带小孩，带吃的，喝的在车上玩久一些⭐️⭐️⭐️
⑥上火车，⑥下火车
原路返回
⑥→⑤→④去玩剩下的项目！！！
主要是3D电影，但是需要买一次性的3D眼镜，2元💰💰一副。
注意⭐️⭐️⭐️买完别扔，可以一连逛好几个场馆。如果有眼镜就自己带，别买。
	
比较刺激的项目就两个
1.木制小火车😣😣😣😣问题是正在维修，没玩上。去的小伙伴可以提前问一下，能不能玩
2.激流勇进
入场口的小卖铺有卖一次性泳衣的，如果不想买，就自己带。不需要买门口的，门内门外一个价。当然，门外应该可以砍价。
	
总体，是个适合带小朋友进入的游乐场。刺激项目不多     ","https://sns-img-hw.xhscdn.net/8159889b-7f08-6ee4-6759-255205062e2a,https://sns-img-hw.xhscdn.net/4ff367f0-3221-2901-b983-c60c96b222be,https://sns-img-hw.xhscdn.net/bb328b76-8f1d-8247-8b9d-335fe15ed6c2,https://sns-img-hw.xhscdn.net/826a9e6e-9b3e-063f-92d4-ff2bbe102428,https://sns-img-hw.xhscdn.net/85e452d5-b9a3-f0df-9e6a-e735bb28922b,https://sns-img-hw.xhscdn.net/308bf904-e115-6c5d-048a-0934d4869f2a,https://sns-img-hw.xhscdn.net/90a50106-4bf7-8c98-a8ec-1b58a89c5c88,https://sns-img-hw.xhscdn.net/7503b428-13dc-76c4-54d4-3a51f4c53019",https://www.xiaohongshu.com/explore/64bf3a0d000000000103c106
东部华侨城的大冤种之行,"早上10点半到，现在刚刚坐上地铁离开，整个游玩时间5个半小时左右。
先说好处，今天工作日去人特别特别少，一半的时间路上的游客就我们几个人，所有项目排队时间不超过五分钟。整个游乐场动线规划合理，看好指示牌不用走回头路就可以玩完项目。
但是！！里面很多项目维护不开门！今天丛林穿梭，过山车，观光塔都没有开门！免费项目基本上一半都没办法玩，剩下的很多都要收费。小火车30r，登峰造极2r，激流勇进雨衣10r，还有什么真人CS，密室逃脱49r。我们买了全价的180门票进来，近一半的项目没能玩，不知道是人少不开还是下雨的问题。成大冤种了[哭惹R]，而且里面消费很高，一瓶矿泉水8块，帮拍的各种照片也蛮贵的。总结就是预算不高不要来，我们两个人一天一共花了近600（含门票和一顿饭）
随手一发没想到这么多人看[哇R]那我就多说一点路线规划吧。我们是导航坐地铁到盐田港西，出来两步就是公交站，520路坐到东部华侨城西门，大概要20分钟。门口有个地图可以免费领取，从西门一直坐扶梯上去，可以看到大峡谷瀑布，跟着指示牌走到海菲德小城。接着我们就直接去童趣乐园玩项目了，丛林穿梭、激流勇进和过山车都在一块区域，建议是最后再玩激流勇进，因为可能会湿水。这一波玩完就直接去云海索道坐缆车上山，可以俯瞰深圳海景，去流星雨拍摄地打卡，走玻璃地面，恐高的朋友可能会有点害怕[捂脸R]接着不用坐索道下山！看指示牌从登峰造极旁边的一条小道下去坐缆车二号线去坐小火车，这个二号线是免费的，但是隔一段时间才发车，一般都得等一会。二号线路上没啥风景，到了就是小火车站台，下来买小火车票就行。观光完小火车原路返回，继续坐二号线回来，坐索道下山，走回西门出口，搭同样的公交地铁回去就行。不过这个公交15分钟才发一趟，大家注意点时间，我们错过上一辆结果在站台喂了十五分钟蚊子被咬了巨多个包[哭惹R][哭惹R][哭惹R]这只是一个大概路线，把这些主要的免费景点玩了，剩下的什么5d剧院 地心几万里可以根据自己的喜好去玩
  ","https://sns-img-bd.xhscdn.com/11bd2e4e-2931-60cc-8e3b-78939873734d,https://sns-img-bd.xhscdn.com/81a18a95-3854-10ca-60d0-ce645c4906b4,https://sns-img-bd.xhscdn.com/e4937a1d-4f5d-3df2-793e-f9e411caed30,https://sns-img-bd.xhscdn.com/daab2808-836f-972e-925b-1127ea70e64b,https://sns-img-bd.xhscdn.com/1aa4908f-4db1-9858-0b38-a21fbf3e10c9,https://sns-img-bd.xhscdn.com/b3e27a95-e9b1-3bb1-b524-cb3246d1c46b",https://www.xiaohongshu.com/explore/64a683e6000000002b03b5a3
东部华侨城还值不值得去,"个人感觉值得！本是为了让年初买的工会卡不白办，周末和家人一人花了100块预约去了东部华侨城玩，虽然木质过山车和激流勇进都已经到了使用年限关停了，但在这里仍旧找到了无忧无虑的快乐。
个人认为比较好玩的项目有：3个体感6d项目，幻影旋风比较刺激，地心四千里和深海探奇视觉效果好，在第一个项目买副眼镜，不贵忘记几块钱了，剩下几个还会用；儿童乐园上山的滑梯、跷跷板、秋千，我在这个乐园呆一整天都不会无聊，滑滑梯下来的时候我笑得好大声，一个七八岁的小女孩用稚嫩可爱的声音的对我说“好好玩”，我哈哈回应:“是呀，好好玩！”；坐缆车上山顶观景，在山顶观景桥山海景色一览无余；还有就是很火的小火车了，云中索道也不错，小火车需要额外付钱，其他项目和缆车都包含了。
东部华侨城的衰败从客流和设备维保状态很容易察觉到，但在游玩其巨额打造的在当时可称之为豪华的项目时，或者穿梭在漂亮的欧式木房子中，甚至是看到其已废弃的过山车设施时都能感受到其建造之初的雄心壮志。
据里面工作人员说，未来这里将会开放成公共公园不收门票，每个项目单独收费，可能没了门票这里又会开启人从众状态。","https://sns-img-qc.xhscdn.com/18c81323-0017-cb34-07dc-a6140ca1c62f,https://sns-img-qc.xhscdn.com/b41e6b24-fed4-e614-53d7-99a593e6a83c,https://sns-img-qc.xhscdn.com/de8e3174-1452-728d-15cd-c45fbf4a9da0,https://sns-img-qc.xhscdn.com/d958cc49-9933-1214-fa94-e030dfa3bd0d,https://sns-img-qc.xhscdn.com/81a43bb4-0798-c8a4-4525-d1f64430ecc4,https://sns-img-qc.xhscdn.com/8342dc1f-bb10-d572-ec07-3ac3dece9e91,https://sns-img-qc.xhscdn.com/8e6c0468-7e0b-7aad-a2c9-cf6c21126557,https://sns-img-qc.xhscdn.com/758ad3f3-cfa9-1ef8-8866-7dce47dd780c",https://www.xiaohongshu.com/explore/6574808a0000000038023b53
深圳旅游十大经典景点💥土著熬夜整理,"半个深圳土著表示，这真的是来深圳必打卡的十大景点！
来深圳别错过啦！
熬夜为大家整理了这些景点的玩法♨还有美食推荐✅深圳旅游妥妥的！
·
1、深圳湾公园
一出地铁站就能看到海的公园，繁华都市中的一片海景，太治愈了吧~
2、甘坑古镇
有深圳“小丽江”之称，传统灯笼高悬大街小巷，客家独特的建筑风格还挺出片的
3、民俗村
异域风情的特色主题，除了每个月不同的主题活动之外，这里还能随处逛逛
4、杨梅坑
电影《美人鱼》的拍摄地，环境很绝，海水清澈见底，可以去周边坐快艇出海欣赏美景
5、大鹏古城
古城的容貌被完整保留了下来，除了颇古色古香之外，古朴的风土人情也让人动容
6、西涌
来这里解锁栈道的绝佳视野！眺望大海心情都好多了，很多人喜欢来此处徒步游玩
7、大梅沙
深圳被广为人知的特色海滩，三面环山的景色美到炸裂！晴天更加出片哦~
8、仙湖植物园
这里有敲美的天上人间，弘法寺也是很多人专程来的，祈福很灵验哦~
9、中英街
这里能够直接感受到时代的变迁，街道依然复古，来打卡也不错
10、梧桐山
据说是深圳zui高峰，可以来这里感受一下登高远眺的美景，据说日落很绝~
·
⭕住宿指南⭕
📍罗湖口岸：火车站就在附近，中转和停留都很方便
📍东门老街：周边是商业街，传统韵味十足，好吃又好逛
📍华侨城：商务酒店和度假酒店较多，周边也有很多主题公园，想玩公园的就选这里！
⭕旅游小tips⭕
‼提前在ZFB/VX领好乘车码，地铁、轻轨、公交车都可以用
‼导航大方向是准的，但是如果碰到不清楚的，要问问本地人指个路，不是所有人都说粤语的！
⭕三天两夜行程安排⭕
DAY1⃣深圳湾公园→世界之窗→梧桐山
DAY2⃣大鹏古城→杨梅坑→仙湖植物园
DAY3⃣大小梅沙→甘坑小镇→→中英街→东门老街
·
⭕深圳朋友推荐的美食⭕
😋👍九村烤脑花
上过热门综艺，没想到深圳也能吃到！食材都是当天的新鲜货，烤脑花做得细嫩又入味，辣味十足，无论是哪种口味都吃得过瘾又满足，烧烤也很地道哦~
😋👍新一味潮汕肠粉王
肠粉的口感还很不错，喜欢吃肠粉的或者想试试，这家可以直接冲，盲点不踩雷！
 ","https://sns-img-bd.xhscdn.com/21260e24-bb26-6151-5afa-81a14239eadd,https://sns-img-bd.xhscdn.com/c0d14695-cb5d-345b-5e58-9f43ce8dfe2a,https://sns-img-bd.xhscdn.com/d452bcd6-e105-d399-3e69-fbe24150d9ed,https://sns-img-bd.xhscdn.com/7e822729-dc71-050b-7bd5-473e6f05b488,https://sns-img-bd.xhscdn.com/8eb1e8f4-c894-c332-6e88-f27c9416bde5,https://sns-img-bd.xhscdn.com/de41efd8-74ff-6de4-c8f8-62f642fbce86,https://sns-img-bd.xhscdn.com/b2a12aab-123c-ab08-0718-bcd7eafc3790,https://sns-img-bd.xhscdn.com/8b3a2f47-b1bb-09e1-8fa7-ef07db01186e,https://sns-img-bd.xhscdn.com/73f57d58-48d9-f204-7d27-ef8c45a8e17c",https://www.xiaohongshu.com/explore/6405b2dd00000000130374a9
玩转深圳😝周末最值得打卡的6个景点🔥,"1⃣️世界之窗🌟
📍地址：南山区深南大道
🚇交通：地铁1/2号线世界之窗站H2口
🕐时间：9:00-21:30
🎫门票：100r起
2⃣️欢乐谷🌟
📍地址：南山区华侨城西街
🚇交通：地铁1/2号线世界之窗A口
🕐时间：10:00-21:30
🎫门票：120r起
3⃣️甘坑古镇🌟
📍地址：深圳市龙岗区甘坑古镇
🚇交通：地铁10号线甘坑站C口
🕐时间：全天开放
🎫门票：免费
4⃣️东门老街🌟
📍地址：罗湖区建设路东门老街
🚇交通：地铁1/3号线老街站B口
🕐时间：全天开放
🎫门票：免费
5⃣️梧桐山🌟
📍地址：罗湖区莲塘街道
🚇交通：地铁2/8号线深外高中站C口
🕐时间：建议白天爬山
🎫门票：免费
6⃣️东部华侨城🌟
📍地址：盐田区大梅沙东部华侨城
🚇交通：地铁2号线盐田港西站B2口-步行380米公交站（乘坐M362路）到东部华侨城下车
🕐时间：10:00-18:00
🎫门票：100起
	
       ","https://sns-img-hw.xhscdn.net/803188b8-b448-bdde-727d-22caa7c18ed6,https://sns-img-hw.xhscdn.net/f685b168-7233-6310-af91-3f60ba665be2,https://sns-img-hw.xhscdn.net/6a6a47b2-f280-ec4f-60ed-30d1f661bdae,https://sns-img-hw.xhscdn.net/c7754a2a-cfcb-d203-dbde-d5b4c4d852e3,https://sns-img-hw.xhscdn.net/e1db406e-3704-1adf-b571-e0005073a6e7,https://sns-img-hw.xhscdn.net/c2775495-cc66-f9b7-9f90-a1bbf62a5227,https://sns-img-hw.xhscdn.net/59220955-9313-c682-1603-56a4da902c69",https://www.xiaohongshu.com/explore/6537dadc0000000025021428
最近有人去过东部华侨城吗？,"求助，听说现在只有大侠谷可以玩了，里面会很荒芜吗？
想要组织公司到这里团建，但听说现在人不多，设备也比较旧，担心年久失修有安全隐患😂
两年前去的时候还是挺好玩的（如图）。。。
  ","https://sns-img-bd.xhscdn.com/37df1cdf-9d1b-dbc6-fb5d-ba604460b197,https://sns-img-bd.xhscdn.com/69ac32b5-50f1-2d07-cb29-bbb7f8c9710d,https://sns-img-bd.xhscdn.com/e5255b19-1828-b674-327b-3599e214da07,https://sns-img-bd.xhscdn.com/7bd0b299-a824-09ca-226b-d15f27539d82,https://sns-img-bd.xhscdn.com/256aa0ad-ac01-5952-d190-720cd4f9631b,https://sns-img-bd.xhscdn.com/fd915222-1a94-9dda-043e-f4f0a438e500,https://sns-img-bd.xhscdn.com/9626b5ba-5e62-2ab6-06a2-678963133377",https://www.xiaohongshu.com/explore/64b88d14000000002f029611
大数据请把良心攻略推给来深旅游的宝子们,"如果问深圳的朋友“哪里好玩”，他可能会建议你去一河之隔的香港🇭🇰[笑哭R]
深圳真没好玩的吗😄…本攻略给来深游玩的宝子们参考。如有疑问❓评论区约见。
	
【[炸弹R]黑榜[炸弹R]】
1⃣️大型景区：
	
南山：欢乐谷-世界之窗-民俗村（三家相邻）、野生动物园
龙岗：甘坑客家小镇
盐田：东部华侨城
福田：博物馆
	
🌟特点：中规中矩没亮点，园区大耗时费力。不理解为什么很多笔记推这些景区，拿机动游戏🎢来说，『欢乐谷』不如『广州长隆』&『香港迪士尼』。园区都很大逛完累几天 ，感觉可能“也就这样”。
	
🌟Tips ：深圳的旅游名片不去会留遗憾，但去了难免疑问“就这❓❗️”。建议门口留影😄即可。
	
2⃣️大型商超
南山：万象天地，万象城
宝安：壹方城
福田：皇庭广场
罗湖：万象城（南山罗湖分别有）
	
🌟从四五线城市过来🉑️逛下感受城市风貌。但从一线城市过来就没必要专门去。
	
【[玫瑰R]红榜[玫瑰R]】
1⃣️山景
七娘山、羊台山、翠竹山、笔架山、马峦山、莲花山、塘朗山、凤凰山、大南山、排牙山
2⃣️海景
福田：红树林保护区
南山：深圳湾公园、欢乐海岸、欢乐港湾
盐田/大鹏：大小梅沙、杨梅坑-桔钓沙-鹿嘴山庄、东涌西涌、溪涌、沙鱼涌、大鹏所城−较场尾
3⃣️河景
南山：大沙河生态长廊
罗湖：仙湖植物园
	
🌟特色：以上自然风光秀丽，空气清新各有特色。有的（如欢乐海岸）将自然景观与Mall结合，游玩体验丰富，能出片。
🌟Tips：去户外记得先查天气❗️
	
4⃣️社区公园
儿童乐园，西丽生态公园，鹏飞公园，益田社区儿童友好公园，街心公园，洪湖公园，人才公园，青青世界……
	
🌟Tips：深圳让你感受什么叫『千园之城』。不过各园有点同质，感受一二即可。
	
5⃣️地域特色
罗湖：东门老街，地王大厦
福田：邓小平雕塑（莲花山上）
南山：『时间就是金钱』标语牌&蛇口街区
龙岗：油画村
盐田：沙头角
	
🌟特色：改开前沿阵地深圳有“地域特色”❗️但看外观可能就是块牌子，或平平无奇的街道。
	
🌼不唱衰❗️深圳仍优点多多：
1⃣️ 价格透明。宰客&天价比较少
2⃣️ 交通便利。公共交通系统大多覆盖
3⃣️ 设施完备。厕所&洗手池&直饮水（还有…厕所有厕纸[笑哭R]）
4⃣️ 环境&绿化&治安&服务[可R]。对遛娃人士&外地人士友好
   ",https://sns-img-qc.xhscdn.com/b5e53d55-a4d0-87d5-cacd-9890e3a3c321,https://www.xiaohongshu.com/explore/64207e810000000027012b6a
研学day😮‍💨🚠,"😔怎么会有学校研学去东部华侨城啊..不过能跟好朋友粗去玩还是很开心滴☺️
尊的很希望高三能有机会出省研学😭🥲      ","https://sns-img-hw.xhscdn.net/3fd430d0-17b6-594b-77ac-9612e1201d64,https://sns-img-hw.xhscdn.net/effe3390-01e0-7c96-d0bd-28256cb511ee,https://sns-img-hw.xhscdn.net/5e8a63dd-2760-e0f4-cbb8-0670c2eb2c49,https://sns-img-hw.xhscdn.net/ebe9694d-a502-4546-1349-902be4e847d5,https://sns-img-hw.xhscdn.net/77a1f339-7199-ef02-e0fe-9ef422b3e1c4,https://sns-img-hw.xhscdn.net/abadcfee-5856-4c4b-c9c1-fda44a044ecd,https://sns-img-hw.xhscdn.net/99713a53-46b2-63f2-2fb5-dc24ed82fc84,https://sns-img-hw.xhscdn.net/969fb2d0-4cb0-f9ff-e1e5-a7d416fc8c40",https://www.xiaohongshu.com/explore/648d9acf0000000012033338
在深圳，你可以去玩的地方推荐❤️,"1. 去夜爬梧桐山看日出🌄
2.去南头古城逛老城建筑🏠
3.去莲花山公园俯瞰整个福田区⛰️
4.去深圳博物馆/古代艺术博物馆看不同展览🎟
5.去海上世界看音乐喷泉⛲️
6.去深圳美术馆看艺术大展🖼️
7.去天文台-抬头看山 低头看海🗻
8.去东部华侨城感受山上的主题乐园🎠
9.去深圳城市规划馆看展览/发展史🏢
10.去欢乐海岸看烟花🎆
11.去深圳湾公园海滨漫步看跨海大桥和香港新界🌉
12.去荔枝公园赏花洋紫荆、杜鹃花、黄花风铃木💐
13.去欢乐港湾坐摩天轮追赶一场日落🌅
14.去仙湖植物园吸氧🏞
15.去世界之窗当冤种欺负小动物🗼 16.去宝安公园看萤火虫（7、8、9月）🪲
17.去马峦山徒步看瀑布🧗
18.去南山公园爬山俯瞰南山夜景🌃
19.去大鹏地质公园看明清老建筑🏠
20.去西湾红树林看绝美夕阳🌇
21.去华侨城创意园喝下午茶☕️
22.去海上世界看中国的济州岛🏡
23.去深圳会展/市民中心看灯光秀🌌
24.去福田红树林自然保护区感受自然的声音#🌳
25.去深圳中心公园-公园天花板野餐🏖
26.去蛇口感受慢生活的惬意🏝
27.去弘法寺祈福🙏
28.去大梅沙海滨栈道上走走🗾
29.去深圳园博园看园林建筑🌳
30.去东/西冲国家地理海岸线徒步🏃
31.去东门町美食街打卡美食🍱
32.去大鹏东山寺绝美中式建筑祈福🙏
33.去野生动物园看熊猫🐼
34.去大鹏半岛吹海风看最美海岸线🏞
35.去深圳大学感受现代大学的建筑冲击🏫
36.去铁仔山公园看飞机与落日🌇
37.去华侨城欢乐海岸逛特色街区🕌
38.去中山公园感受大草坪与慢生活🍃
39.去凤凰山感受山里的自然清新🌳
40.去圣安多尼教堂感受圣洁和浪漫⛪️
41.去东涌小三门岛感受原始小渔村🛤
42.去笔架山宝藏公园露营⛺️
43. 去梅林公园水库环线徒步🚵🏻‍♂️
44.去七娘山看深圳最美山海⛰️
45.去羊台山爬山玩水🚣🏻‍♂️
46. 去华兴寺拜一拜祈福🙏
47.去塘朗山公园看猴子🐒
48.去桔钓沙看玻璃海、捉螃蟹🦀️
49. 去人才公园吹风、发呆、看黄昏、看夜景🌃
	
           ","https://sns-img-bd.xhscdn.com/05d7cf3d-e328-b886-8550-ed88e0e858f9,https://sns-img-bd.xhscdn.com/1eb73a79-f088-389f-f03c-f03cc0e1ac5a,https://sns-img-bd.xhscdn.com/e54ee5ef-9231-d043-529f-08c69dc6bc75,https://sns-img-bd.xhscdn.com/4aa9a7c2-797a-5cd6-61fd-7c5af119469f,https://sns-img-bd.xhscdn.com/415667c2-a7e6-c010-cf81-ceed5f177c74,https://sns-img-bd.xhscdn.com/3b54ef68-c184-13db-dc56-fcb8238754e3,https://sns-img-bd.xhscdn.com/ee035c75-754c-2cb1-8265-50e79b4f18ab,https://sns-img-bd.xhscdn.com/13daba49-9669-8a7c-3e7b-00560745dba2,https://sns-img-bd.xhscdn.com/609e477b-c1e1-049d-c758-6fdf3b45c640,https://sns-img-bd.xhscdn.com/1acedf19-c2b6-6b8d-3c3e-b2f9daaf2350,https://sns-img-bd.xhscdn.com/91f8ae1e-e9ae-f46e-edb7-0aeec255b408,https://sns-img-bd.xhscdn.com/88d8b47d-0523-c132-f087-a53946df33f9,https://sns-img-bd.xhscdn.com/03ddeed2-5778-e020-b049-bbb831538fde,https://sns-img-bd.xhscdn.com/ef9e590c-cf4c-4fff-3da8-5e5b64985b28,https://sns-img-bd.xhscdn.com/df13c12d-0999-7765-baa7-3453fb99aee7,https://sns-img-bd.xhscdn.com/6fb66f03-265e-0e82-0bfe-ba579e89c465,https://sns-img-bd.xhscdn.com/5f3fa37e-c6a8-9fdd-7ea4-39dfe0b20106,https://sns-img-bd.xhscdn.com/701922a3-d18e-548a-a93a-55a8ee9046a0",https://www.xiaohongshu.com/explore/657337aa000000003a00a743
航拍-曾经的火爆的东部华侨城，如今…,   ,https://sns-img-bd.xhscdn.com/9d539392-12b8-6c93-8495-8076e871586b,https://www.xiaohongshu.com/explore/64ef530c000000001f03eb6a
深圳东部华侨城！不要去！,"我九年前去的东部华侨城，那时候两个谷，茶溪谷+大侠谷。一个主打风景，一个主打机动游戏+玻璃桥。因为以前真的觉得好好玩，念念不忘的那种。就想着也要带我的孩子也去[笑哭R][笑哭R][笑哭R]
然后…………茶溪谷没了，第一天去就坐了小火车，我还在想，算了，明天还有大侠谷玩。然而………动物园没得看，木质过山车没开，丛林索道没有。反正稍微觉得还不错的都没开。走进大侠谷，就是一片荒芜[汗颜R]我一直在跟我老公说以前多热闹多好玩。我老公全程一脸不相信[笑哭R][笑哭R]什么玩的都没了，只有类似路边摆摊的打气球[汗颜R]或者一个超小的碰碰车好像是25一次[汗颜R][汗颜R]激流勇进有开的，身高超过1米3才可以玩。小镇没开了，里面的餐厅基本也很多没开了。最后倔强的再去玻璃桥看了看。真心的，失望透了。还浪费了我1000多一个晚上的酒店[汗颜R][汗颜R][汗颜R]就为了坐小火车。我的孩子也觉得无聊极了。
真心建议没必要去了[失望R]","https://sns-img-qc.xhscdn.com/c97142d0-479c-970c-39fa-d73fdef5996a,https://sns-img-qc.xhscdn.com/5fe8debf-4479-db2c-3211-ed6e1c99c501,https://sns-img-qc.xhscdn.com/2698354e-ea5b-d280-6d67-abde7029034f,https://sns-img-qc.xhscdn.com/badd4e06-9140-dbc3-639e-a63a36b34390,https://sns-img-qc.xhscdn.com/caf6a0a3-6f2d-bb71-55f7-00c83af25b07,https://sns-img-qc.xhscdn.com/9ff2c810-d12a-8ee3-9cd2-7e664a076978,https://sns-img-qc.xhscdn.com/fe484819-e36d-3b79-1aa3-a4da8f0231de",https://www.xiaohongshu.com/explore/64a13995000000001203e918
深圳东部华侨城保姆级攻略来咯！建议收藏,"【东部华侨城】游玩攻略，建议错峰出行[飞吻R]
两个主题公园：大峡谷和茶溪谷。
【大峡谷】主攻游乐设施
【茶溪谷】主要观景，可从大峡谷坐缆车到达，也可以单独买【森林小火车】票赏赏景
-
【交通】
地址：深圳盐田区东部华侨城
公交站：梅沙医院站、东部华侨城西门站
门票：茶溪谷180元/人大峡谷200/人、峡谷和茶溪谷一日游联票300元/人，有时候会有特惠票
【开园时间】10:00-18:00 建议早点入园
-记得带身份证入园
【游玩路线】
东部华侨城西门-大峡谷瀑布-激流勇进-丛林穿梭-地心四千哩-木质过山车-云海索道-云霄飞轮-登峰造极-自然之眼观光塔-2号缆车-茶溪谷森林小火车
【激流勇进】需自费买10r的雨衣鞋套，不穿必湿身，玩了两趟爽翻了
【丛林穿梭】两人一个小车，后座的人可开车控制速度，穿越丛林，曲径寻幽
【地心四千哩】需自费买2r的3D眼镜
【木质过山车】轨道全木质的，速度快但高度一般般，还蛮刺激的哦，意犹未尽
【云海索道】深圳第一条高空索道
【登峰造极】需自费买2r鞋套上去，高空U型玻璃栈道可以俯瞰大梅沙和大峡谷全景。
【自然之眼观光塔】360度旋转升空，可以一览大峡谷全景，拍照美惨了
【森林小火车】惬意浪漫～需自费，工作日20/人，节假日50/人，不出站可以无限次乘坐，全程6公里，一趟下来30-40分钟，记得坐在车尾最左边，一路上取景最佳位置，超级出片的！右边都是树，就啥也拍不到
时间充裕的话可以去海菲德小镇，欧式建筑风格，带宝宝一起的可以去火鸟山谷，童趣乐园来着，可以看看可爱的小动物】
	
先玩大峡谷，然后坐小火车去茶溪谷，大峡谷的项目，需要排队，花费时间会多些，也比较好玩，
茶溪谷真的就是看花和建筑物，不用花很长时间!!
大峡谷离公交站近，交通方便，茶溪谷在山顶，需要乘坐出租车或者巴士去山顶，园内大巴15元，也有很多拼车拉客的，差不多一样的价格，可以多问问几家!!
关注我带你解锁更多打卡攻略，还有优惠套票+酒店
有任何问题欢迎评论区交流，会一一回复[赞R]
        ","https://sns-img-hw.xhscdn.net/6dbf0150-38f2-4225-51bf-b9b926983e51,https://sns-img-hw.xhscdn.net/01f3ae3e-37d3-d5a7-f779-8613213b8f0b,https://sns-img-hw.xhscdn.net/38effe48-79e7-70d2-27d9-7f00cc4c71b7,https://sns-img-hw.xhscdn.net/4b79e16b-4564-029f-6735-15380421e578,https://sns-img-hw.xhscdn.net/73008740-98cf-3950-0660-87ce1042ac3f,https://sns-img-hw.xhscdn.net/923dacbd-e6c7-841b-7034-ec9317020516,https://sns-img-hw.xhscdn.net/b56c06b3-fdbf-bc56-b3bb-de7cb05e4831,https://sns-img-hw.xhscdn.net/0c5565c8-e34c-5cc9-2e0e-bda0e8a54a32,https://sns-img-hw.xhscdn.net/2e159229-940a-2759-2d0d-2eace5dbac18",https://www.xiaohongshu.com/explore/63d91fbe00000000080267b8
东部华侨城以前好热闹，现在怎么好荒的样子,东部华侨城以前好热闹，现在怎么好荒的样子，好可惜 #,"https://sns-img-bd.xhscdn.com/c6b4f796-6911-4641-296b-8dc37bbf484f,https://sns-img-bd.xhscdn.com/9d59bc70-f6fa-df5d-c715-ce57344dfbf7,https://sns-img-bd.xhscdn.com/32e5d683-3b00-914c-19b0-8902036cb0e1,https://sns-img-bd.xhscdn.com/b6bb6822-aae6-cf21-c2f7-fbb7ddd9aebe,https://sns-img-bd.xhscdn.com/e56e4e29-1431-89bc-e87b-baedfb2f7d55,https://sns-img-bd.xhscdn.com/5dea0229-f3c9-7068-21a1-bf3a96f2de0f",https://www.xiaohongshu.com/explore/656c99cb00000000060282c8
深圳踏秋｜建在城堡上的寺庙🏡超灵～不去后悔,"姐妹们中秋国庆都有安排了嘛
不重要[doge]
在深圳的都去给我拜佛‼️
	
这个寺庙真的好震撼
一入门就巨大一尊铜像立于眼前
也不敢仔细看这佛是啥部门的
就……就跪下了[哭惹R][哭惹R]
就……
[微笑R]
寺庙是不要门票🎫，也不需要预约的
进门时，寺庙的工作人员还会每人送一柱香
寺庙很安静
有许多鸽子🐦
景色啥的可以媲美中国任何一个寺庙
不服来战[doge][doge][doge]
最震撼的是立于山巅之上的四面佛‼️
照片不及实物十万分之一
巨大的威严
当我跪下的那一刻
我感觉！今年稳了！
	
绕着四面佛拜一圈
我感觉我啥都稳了！！
此外，还有很多佛因为礼貌问题，没敢多拍照📷
	
🌳
四面佛所在的地方，风景真的绝了姐妹们
可以俯瞰整个东部华侨城‼️
还有，三洲水库❗️
还有，高尔夫球场❗️
站在四面佛面前往后看，会震惊你一个世纪[哭惹R]
⛰️
地址🌳：大华兴寺
交通🚊：坐地铁到“盐田港西”A1口，出地铁转云海专线A，坐到“大华兴寺”站，➡
️➡️开车直接导航🧭“大华兴寺停车场🅿️”
	
下车后，需要爬一个长梯，大概十几分钟
	
🌳
这边游玩结束后🔚
	
可以沿着森林公路再往前徒步几百米
就是东部华侨城
沿着“茶溪谷”的标志✅往里走三四百米，
会看到一个红色小火车🚄
没错，这里就是坐小火车的地方，30坐一个小时，不要太美好
再往里一点，就是茶溪谷啦
真的美姐妹们
我那失散多年的公主殿下们，欢迎回家[哭惹R][哭惹R]
也是免费🆓开放
	
             
	
@生活薯 @薯队长 @小红书创作助手","https://sns-img-bd.xhscdn.com/b36a6157-be90-71d7-9953-57b8481d8c0d,https://sns-img-bd.xhscdn.com/c9547d5a-4806-dd7b-b7d0-d3995b463440,https://sns-img-bd.xhscdn.com/370300c0-4add-d67a-4fe0-20be54dd696a,https://sns-img-bd.xhscdn.com/155f19d5-4b7c-7b76-44bc-089018104b51,https://sns-img-bd.xhscdn.com/d7f149c3-d842-b345-c007-b2efa7d46eec,https://sns-img-bd.xhscdn.com/7285ca5e-ea3f-fea0-e21f-519ea48bdd6c,https://sns-img-bd.xhscdn.com/0d9d95c2-1b28-8522-8cf0-2c49026bce93,https://sns-img-bd.xhscdn.com/ed4653f1-20fb-eeca-a8e5-1901c258866b,https://sns-img-bd.xhscdn.com/f550cd11-1d94-d434-fb8c-b35754655c10,https://sns-img-bd.xhscdn.com/1c2d743b-194c-345b-85c9-e36461f7909e,https://sns-img-bd.xhscdn.com/7e8d05c9-58d3-35e4-afde-18fdc6a8d3cf,https://sns-img-bd.xhscdn.com/17e3d41f-ae06-2bb1-60b5-b1ad272e6459,https://sns-img-bd.xhscdn.com/f40d1ce0-a984-c50a-dc21-efec0b6fbae5,https://sns-img-bd.xhscdn.com/ff656a21-82f8-2e17-1a8a-d56fc245e824,https://sns-img-bd.xhscdn.com/0f857be8-fc2e-eb67-8c3e-2f6c9569931f,https://sns-img-bd.xhscdn.com/3ed02be9-f4f2-50fe-6757-68f7e05144f8,https://sns-img-bd.xhscdn.com/0d2608fb-4080-ff72-4127-99e812e1dbc9,https://sns-img-bd.xhscdn.com/4503a811-259e-0af0-89ee-2714761a449e",https://www.xiaohongshu.com/explore/65156053000000001e00c4d9
不用排长队的东部华侨城实在太香了, 去年买的半年卡快到期了，找个周末随便去几次为了回本，没想到人不太多，卡的刚刚好，让我能看到有人气，却又不会排长队，太香了木质过山车，半小时坐了三回，太爽了，让我意外的是星巴克的所有优惠券都可以用  ,"https://sns-img-hw.xhscdn.net/fe3676db-c271-0dc2-ace5-a85de171f893,https://sns-img-hw.xhscdn.net/90ef3223-0b92-e1af-c999-51cd7911e671,https://sns-img-hw.xhscdn.net/386d1c1f-0918-828a-cf3c-100c8d5f8cc2,https://sns-img-hw.xhscdn.net/bc936400-d2fe-3667-dec9-8b0d855e3382,https://sns-img-hw.xhscdn.net/c5c7109e-413d-ed14-5022-05e1d1527207,https://sns-img-hw.xhscdn.net/22009655-d65a-68e2-18b3-1fb28a36f53a,https://sns-img-hw.xhscdn.net/48ca77f0-99ea-d4fc-b4d5-fd8fe52f27a7,https://sns-img-hw.xhscdn.net/d9846f4a-12d9-aa9f-ebb8-7d02c98e00eb,https://sns-img-hw.xhscdn.net/3d985fe3-4004-498e-b2fe-ba8aa86883b0",https://www.xiaohongshu.com/explore/643aa8ad000000001402692f
